jerryevansgolf.jpg	jerryevansgolf.jpg	D:\hshome\grizzie17\grizzlyweb.com\company\cgi-bin\gallery\JerryEvansGolf.jpg			
jerryevansgolf2.jpg	jerryevansgolf2.jpg	D:\hshome\grizzie17\grizzlyweb.com\company\cgi-bin\gallery\JerryEvansGolf2.jpg			
robertstesting.jpg	robertstesting.jpg	D:\hshome\grizzie17\grizzlyweb.com\company\cgi-bin\gallery\RobertsTesting.jpg			
robertstesting2.jpg	robertstesting2.jpg	D:\hshome\grizzie17\grizzlyweb.com\company\cgi-bin\gallery\RobertsTesting2.jpg			
rocketcitywings.jpg	rocketcitywings.jpg	D:\hshome\grizzie17\grizzlyweb.com\company\cgi-bin\gallery\RocketCityWings.jpg			
rocketcitywings2.jpg	rocketcitywings2.jpg	D:\hshome\grizzie17\grizzlyweb.com\company\cgi-bin\gallery\RocketCityWings2.jpg			
sgconsulting.jpg	sgconsulting.jpg	D:\hshome\grizzie17\grizzlyweb.com\company\cgi-bin\gallery\SGConsulting.jpg			
zcreativemindsmusic.jpg	zcreativemindsmusic.jpg	D:\hshome\grizzie17\grizzlyweb.com\company\cgi-bin\gallery\zCreativeMindsMusic.jpg			
ziets.jpg	ziets.jpg	D:\hshome\grizzie17\grizzlyweb.com\company\cgi-bin\gallery\zIETS.jpg			
ziets2.jpg	ziets2.jpg	D:\hshome\grizzie17\grizzlyweb.com\company\cgi-bin\gallery\zIETS2.jpg			
zstandrews.jpg	zstandrews.jpg	D:\hshome\grizzie17\grizzlyweb.com\company\cgi-bin\gallery\zStAndrews.jpg			
zstandrews2.jpg	zstandrews2.jpg	D:\hshome\grizzie17\grizzlyweb.com\company\cgi-bin\gallery\zStAndrews2.jpg			